Abbreviation,Taxonomy ID,relevant taxonomy,Scientific name,Lineage.set,BUSCO_completeness,BUSCO_single,BUSCO_duplicated,BUSCO_fragmented,BUSCO_missing,PreLECASubset,Download location,Ref,Download date proteome,fasta_header_type,proteome_fasta_file,Genome/transcriptome,Genome_location
ANAIGN,1746090,Metamonada,Anaeramoeba ignava,eukaryota_odb10,63.33333333,,,14.44444444,22.22222222,True,EukProt,,20220328,eukprot,EP01156_Anaeramoeba_ignava.fasta,transcriptome,
TRIVAG,5722,Metamonada,Trichomonas vaginalis,eukaryota_odb10,59.86622074,,,5.016722408,35.11705686,False,ftp://ftp.ensemblgenomes.org:21/pub/release-34/protists/fasta/protists_parabasalia1_collection/trichomonas_vaginalis_g3/pep/Trichomonas_vaginalis_g3.ASM282v1.pep.all.fa.gz,,euk4,ensembl,Trichomonas_vaginalis_g3.ASM282v1.pep.all.fa,genome,https://ftp.ncbi.nlm.nih.gov/genomes/all/GCA/001/839/685/GCA_001839685.1_ASM183968v1/GCA_001839685.1_ASM183968v1_genomic.fna.gz
TRIMAR,137419,Metamonada,Trimastix marina,eukaryota_odb10,45.97701149,,,5.363984674,48.65900383,True,EukProt,,20220328,eukprot,EP00771_Trimastix_marina.fasta,transcriptome,
MONEXI,2049356,Metamonada,Monocercomoides exilis,eukaryota_odb10,58.67158672,,,7.380073801,33.94833948,True,EukProt,,20220328,eukprot,EP00770_Monocercomonoides_exilis.fasta,genome,https://giardiadb.org/common/downloads/Current_Release/MexilisPA203/fasta/data/GiardiaDB-58_MexilisPA203_Genome.fasta  
PARPYR,342808,Metamonada,Paratrimastix pyriformis,eukaryota_odb10,66.92607004,,,10.11673152,22.95719844,False,https://zenodo.org/record/6405158/files/Paratrimastix_pyriformis_predicted_proteome.txt?download=1,,20221205,generic,Paratrimastix_pyriformis_predicted_proteome.txt,genome,
BARSPE,2654831,Metamonada,Barthelona sp PAP020,eukaryota_odb10,47.19101124,,,7.116104869,45.6928839,False,EukProt,,20220328,eukprot,EP00792_Barthelona_sp_PAP020.fasta,transcriptome,
CARMEM,201153,Metamonada,Carpediemonas membranifera,eukaryota_odb10,51.43884892,,,11.8705036,36.69064748,False,EukProt,,20220328,eukprot,EP01146_Carpediemonas_membranifera.fasta,genome,ftp.ncbi.nlm.nih.gov/genomes/all/GCA/019/828/565/GCA_019828565.1_ASM1982856v1/GCA_019828565.1_ASM1982856v1_genomic.fna.gz
DYSBRE,391066,Metamonada,Dysnectes brevis,eukaryota_odb10,32.15686275,,,12.94117647,54.90196078,False,EukProt,,20220328,eukprot,EP00768_Dysnectes_brevis.fasta,transcriptome,
GIAINT,5741,Metamonada,Giardia intestinalis,eukaryota_odb10,24.80620155,,,5.813953488,69.37984496,False,https://ftp.ncbi.nlm.nih.gov/genomes/all/GCF/000/002/435/GCF_000002435.2_UU_WB_2.1/GCF_000002435.2_UU_WB_2.1_protein.faa.gz,,20220419,gcf,GCF_000002435.2_UU_WB_2.1_protein.faa,genome,https://ftp.ncbi.nlm.nih.gov/genomes/all/GCF/000/002/435/GCF_000002435.2_UU_WB_2.1/GCF_000002435.2_UU_WB_2.1_genomic.fna.gz
SPISAL,348837,Metamonada,Spironucleus salmonicida,eukaryota_odb10,18.82352941,,,6.666666667,74.50980392,False,https://ftp.ncbi.nlm.nih.gov/genomes/all/GCA/000/497/125/GCA_000497125.2_ASM49712v2/GCA_000497125.2_ASM49712v2_protein.faa.gz,,20220419,gcf,GCA_000497125.2_ASM49712v2_protein.faa,genome,https://ftp.ncbi.nlm.nih.gov/genomes/all/GCA/000/497/125/GCA_000497125.2_ASM49712v2/GCA_000497125.2_ASM49712v2_genomic.fna.gz
TRESPE,460178,Metamonada,Trepomonas sp.,eukaryota_odb10,20.0,,,6.274509804,73.7254902,False,EukProt,,20220328,eukprot,EP00703_Trepomonas_sp_PC1.fasta,transcriptome,
ANDGOD,505711,Discoba,Andalucia godoyi,eukaryota_odb10,79.21568627,,,5.490196078,15.29411765,True,EukProt,,20220328,eukprot,EP00762_Andalucia_godoyi.fasta,genome,https://megasun.bch.umontreal.ca/papers/Jakobid-genomes/Andalucia_godoyi/Andalucia_godoyi_proteins_V16.faa
STYINC,1712417,Discoba,Stygiella incarcerata,eukaryota_odb10,70.37037037,,,5.555555556,24.07407407,False,EukProt,,20220328,eukprot,EP01028_Stygiella_incarcerata.fasta,transcriptome,
PHAKIR,63601,Discoba,Pharyngomonas kirbyi,eukaryota_odb10,85.32818533,,,6.563706564,8.108108108,True,EukProt,,20220328,eukprot,EP00761_Pharyngomonas_kirbyi.fasta,transcriptome,
NEODAM,166956,Discoba,Neovahlkampfia damariscottae,eukaryota_odb10,86.87258687,,,4.633204633,8.494208494,False,EukProt,,20220328,eukprot,EP01080_Neovahlkampfia_damariscottae.fasta,genome,http://ftp.ncbi.nlm.nih.gov/genomes/all/GCA/016/618/085/GCA_016618085.1_ASM1661808v1/GCA_016618085.1_ASM1661808v1_genomic.fna.gz
NAEFOW,5763,Discoba,Naegleria fowleri,eukaryota_odb10,88.50574713,,,2.298850575,9.195402299,True,https://zenodo.org/record/3951746/files/NfowleriV212_proteins.fa?download=1,,20220419,generic,NfowleriV212_proteins.fa?download=1,genome,https://zenodo.org/record/3951746/files/Naegleria_30863_filtered.fa?download=1
PERSWS,2833398,Discoba,Percolomonas sp WS,eukaryota_odb10,59.77443609,,,3.759398496,36.46616541,False,EukProt,,20220328,eukprot,EP00818_Percolomonas_sp_WS.fasta,transcriptome,
ENTSUL,101493,Discoba,Entosiphon sulcatum,eukaryota_odb10,71.32352941,,,11.39705882,17.27941176,False,EukProt,,20220328,eukprot,EP01012_Entosiphon_sulcatum.fasta,transcriptome,
EUGLON,3037,Discoba,Euglena longa,eukaryota_odb10,84.03041825,,,6.463878327,9.505703422,True,EukProt,,20220328,eukprot,EP00668_Euglena_longa.fasta,transcriptome,
HEMPHA,1503927,Discoba,Hemistasia phaeocysticola,eukaryota_odb10,69.11764706,,,8.823529412,22.05882353,False,EukProt,,20220328,eukprot,EP00756_Hemistasia_phaeocysticola.fasta,transcriptome,
RHYHUM,2016123,Discoba,Rhynchopus humris,eukaryota_odb10,70.22058824,,,7.720588235,22.05882353,False,EukProt,,20220328,eukprot,EP00754_Rhynchopus_humris.fasta,transcriptome,
PAPANK,2795267,Discoba,Papus ankaliazontas,eukaryota_odb10,66.17647059,,,6.985294118,26.83823529,False,EukProt,,20220328,eukprot,EP00760_Papus_ankaliazontas.fasta,transcriptome,
APISPI,2795268,Discoba,Apiculatamorpha spiralis,eukaryota_odb10,66.42066421,,,7.749077491,25.8302583,False,EukProt,,20220328,eukprot,EP00759_Apiculatamorpha_spiralis.fasta,transcriptome,
PERSPE,1314962,Discoba,Perkinsela sp. CCAP 1560/4,eukaryota_odb10,35.13513514,,,6.563706564,58.3011583,False,http://ftp.ensemblgenomes.org/pub/protists/release-53/fasta/protists_euglenozoa1_collection/perkinsela_sp_ccap_1560_4_gca_001235845/pep/Perkinsela_sp_ccap_1560_4_gca_001235845.ASM123584v1.pep.all.fa.gz,,20220419,ensembl,Perkinsela_sp_ccap_1560_4_gca_001235845.ASM123584v1.pep.all.fa,genome,http://ftp.ensemblgenomes.org/pub/protists/release-53/fasta/protists_euglenozoa1_collection/perkinsela_sp_ccap_1560_4_gca_001235845/dna/Perkinsela_sp_ccap_1560_4_gca_001235845.ASM123584v1.dna.toplevel.fa.gz
BODSAL,75058,Discoba,Bodo saltans,eukaryota_odb10,55.5984556,,,9.266409266,35.13513514,False,ftp://ftp.ensemblgenomes.org:21/pub/release-34/protists/fasta/protists_euglenozoa1_collection/bodo_saltans/pep/Bodo_saltans.BSAL.pep.all.fa.gz,,euk4,ensembl,Bodo_saltans.BSAL.pep.all.fa,genome,https://ftp.ncbi.nlm.nih.gov/genomes/genbank/protozoa/Bodo_saltans/all_assembly_versions/GCA_001460835.1_BSAL/GCA_001460835.1_BSAL_genomic.fna.gz 
LEIMAJ,5664,Discoba,Leishmania major,eukaryota_odb10,53.87596899,,,10.07751938,36.04651163,False,http://ftp.ensemblgenomes.org/pub/protists/release-53/fasta/leishmania_major/pep/Leishmania_major.ASM272v2.pep.all.fa.gz,,euk4,ensembl,Leishmania_major.ASM272v2.pep.all.fa,genome,ftp.ensemblgenomes.org/pub/protists/release-53/fasta/leishmania_major/dna/Leishmania_major.ASM272v2.dna.toplevel.fa.gz
TRYBRU,5691,Discoba,Trypanosoma brucei,eukaryota_odb10,57.75193798,,,6.589147287,35.65891473,False,http://ftp.ensemblgenomes.org/pub/protists/release-53/fasta/trypanosoma_brucei/pep/Trypanosoma_brucei.TryBru_Apr2005_chr11.pep.all.fa.gz,,20220419,ensembl,Trypanosoma_brucei.TryBru_Apr2005_chr11.pep.all.fa,genome,ftp.ncbi.nlm.nih.gov/genomes/all/GCF/000/210/295/GCF_000210295.1_ASM21029v1/GCF_000210295.1_ASM21029v1_genomic.fna.gz
ANCTWI,2044563,Ancoracysta,Ancoracysta twista,eukaryota_odb10,58.33333333,,,21.59090909,20.07575758,False,EukProt,,20220328,eukprot,EP00164_Ancoracysta_twista.fasta,transcriptome,
HEMKUK,2027451,Hemimastigophora,Hemimastix kukwesjijk,eukaryota_odb10,50.18587361,,,10.03717472,39.77695167,True,EukProt,,20220328,eukprot,EP00696_Hemimastix_kukwesjijk.fasta,transcriptome,
SPISPE,2027452,Hemimastigophora,Spironema sp BW2,eukaryota_odb10,56.92883895,,,6.367041199,36.70411985,True,EukProt,,20220328,eukprot,EP00697_Spironema_sp_BW2.fasta,transcriptome,
NUTLON,1246795,Ancyromonadida,Nutomonas longa,eukaryota_odb10,52.49042146,,,27.20306513,20.30651341,True,EukProt,,20220328,eukprot,EP00162_Nutomonas_longa.fasta,transcriptome,
FABTRO,1246791,Ancyromonadida,Fabomonas tropica,eukaryota_odb11,52.23880597,,,23.50746269,24.25373134,False,EukProt,,20220328,eukprot,EP00163_Fabomonas_tropica.fasta,transcriptome,
GEFOKE,2853422,Malawimonadidae,Gefionella okellyi (strain 249),eukaryota_odb12,79.55390335,,,2.602230483,17.84386617,True,EukProt,,20220328,eukprot,EP00698_Gefionella_okellyi.fasta,transcriptome,
RIGRAM,1122280,CRuMs,Rigifila ramosa,eukaryota_odb13,87.14285714,,,6.785714286,6.071428571,False,EukProt,,20220328,eukprot,EP00004_Rigifila_ramosa.fasta,transcriptome,
DIPROT,190327,CRuMs,Diphylleia rotans,eukaryota_odb14,91.83673469,,,2.040816327,6.12244898,True,EukProt,,20220328,eukprot,EP00002_Diphylleia_rotans.fasta,transcriptome,
MANSPH,2983909,CRuMs,Mantamonas sphyraenae,eukaryota_odb15,91.43968872,,,1.945525292,6.614785992,True,Jolien,,20221107,generic,Msphyraenae_augustus.hints.aa,genome,Jolien
ARCINT,1963864,Amoebozoa,Arcella intermedia,eukaryota_odb16,85.50185874,,,1.486988848,13.01115242,False,EukProt,,20220328,eukprot,EP01124_Arcella_intermedia.fasta,transcriptome,
VERVER,5778,Amoebozoa,Vermamoeba vermiformis,eukaryota_odb17,89.23076923,,,3.461538462,7.307692308,True,EukProt,,20220328,eukprot,EP00029_Vermamoeba_vermiformis.fasta,transcriptome,
ACACAS,5755,Amoebozoa,Acanthamoeba castellanii,eukaryota_odb18,96.09375,,,1.171875,2.734375,True,Laura Eme,,20221128,generic,Ac_Neff_total_Jun3.faa,genome,https://ftp.ncbi.nlm.nih.gov/genomes/all/GCA/021/020/605/GCA_021020605.1_ASM2102060v1/GCA_021020605.1_ASM2102060v1_genomic.fna.gz
ENTHIS,294381,Amoebozoa,Entamoeba histolytica HM-1:IMSS,eukaryota_odb19,53.99239544,,,4.942965779,41.06463878,False,ftp://ftp.ensemblgenomes.org/pub/protists/release-34/fasta/entamoeba_histolytica/pep/Entamoeba_histolytica.JCVI-ESG2-1.0.pep.all.fa.gz,,euk4,ensembl,Entamoeba_histolytica.JCVI-ESG2-1.0.pep.all.fa,genome,http://ftp.ensemblgenomes.org/pub/protists/release-34/fasta/entamoeba_histolytica/dna/Entamoeba_histolytica.JCVI-ESG2-1.0.dna.toplevel.fa.gz
MASBAL,108607,Amoebozoa,Mastigamoeba balamuthi,eukaryota_odb20,80.30888031,,,4.247104247,15.44401544,False,EukProt,,20220328,eukprot,EP00727_Mastigamoeba_balamuthi.fasta,genome,https://bioinformatics.psb.ugent.be/gdb/mastigamoeba/
PLAFUN,1890364,Amoebozoa,Planoprotostelium fungivorum,eukaryota_odb21,94.55252918,,,3.112840467,2.33463035,False,http://ftp.ensemblgenomes.org/pub/protists/release-52/fasta/protists_amoebozoa1_collection/planoprotostelium_fungivorum_gca_003024175/pep/Planoprotostelium_fungivorum_gca_003024175.ASM302417v1.pep.all.fa.gz,,20220419,ensembl,Planoprotostelium_fungivorum_gca_003024175.ASM302417v1.pep.all.fa,genome,http://ftp.ensemblgenomes.org/pub/protists/release-52/fasta/protists_amoebozoa1_collection/planoprotostelium_fungivorum_gca_003024175/dna/Planoprotostelium_fungivorum_gca_003024175.ASM302417v1.dna.toplevel.fa.gz
PHYPOL,5791,Amoebozoa,Physarum polycephalum,eukaryota_odb22,81.22605364,,,5.747126437,13.02681992,True,EukProt,,20220328,eukprot,EP00026_Physarum_polycephalum.fasta,transcriptome,
DICDIS,44689,Amoebozoa,Dictyostelium discoideum,eukaryota_odb23,93.41085271,,,1.550387597,5.03875969,False,ftp://ftp.ensemblgenomes.org/pub/protists/release-34/fasta/dictyostelium_discoideum/pep/Dictyostelium_discoideum.dicty_2.7.pep.all.fa.gz,,euk4,ensembl,Dictyostelium_discoideum.dicty_2.7.pep.all.fa,genome,ftp.ensemblgenomes.org/pub/protists/release-34/fasta/dictyostelium_discoideum/dna/Dictyostelium_discoideum.dicty_2.7.dna.toplevel.fa.gz
POLPAL,670386,Amoebozoa,Polysphondylium pallidum PN500,eukaryota_odb24,86.77042802,,,7.392996109,5.836575875,False,ftp://ftp.ensemblgenomes.org/pub/protists/release-34/fasta/protists_amoebozoa1_collection/polysphondylium_pallidum_pn500/pep/Polysphondylium_pallidum_pn500.PolPal_Dec2009.pep.all.fa.gz,,euk4,ensembl,Polysphondylium_pallidum_pn500.PolPal_Dec2009.pep.all.fa,genome,http://ftp.ensemblgenomes.org/pub/protists/release-34/fasta/protists_amoebozoa1_collection/polysphondylium_pallidum_pn500/dna/Polysphondylium_pallidum_pn500.PolPal_Dec2009.dna.toplevel.fa.gz
LENLIM,1653305,Breviatea,Lenisia limosa,eukaryota_odb25,46.94656489,,,18.70229008,34.35114504,True,EukProt,,20220328,eukprot,EP01086_Lenisia_limosa.fasta,transcriptome,
PYGBIF,1277256,Breviatea,Pygsuia biforma,eukaryota_odb26,62.35294118,,,14.90196078,22.74509804,True,EukProt,,20220328,eukprot,EP00033_Pygsuia_biforma.fasta,transcriptome,
THETRA,529818,Apusomonadida,Thecamonas trahens,eukaryota_odb27,81.56862745,,,7.058823529,11.37254902,True,ftp://ftp.ensemblgenomes.org/pub/protists/release-34/fasta/protists_apusozoa1_collection/thecamonas_trahens_atcc_50062/pep/Thecamonas_trahens_atcc_50062.TheTra_May2010.pep.all.fa.gz,,euk4,ensembl,Thecamonas_trahens_atcc_50062.TheTra_May2010.pep.all.fa,genome,http://ftp.ensemblgenomes.org/pub/protists/release-34/fasta/protists_apusozoa1_collection/thecamonas_trahens_atcc_50062/dna/Thecamonas_trahens_atcc_50062.TheTra_May2010.dna.toplevel.fa.gz
PARATL,1993908,Opisthokonta,Parvularia atlantis,eukaryota_odb28,76.24521073,,,18.3908046,5.363984674,False,EukProt,,20220328,eukprot,EP00160_Parvularia_atlantis.fasta,transcriptome,
ROZALL,281847,Opisthokonta,Rozella allomycis,eukaryota_odb29,71.37254902,,,11.37254902,17.25490196,True,ftp://ftp.ensemblgenomes.org/pub/fungi/release-34/fasta/fungi_rozellomycota1_collection/rozella_allomycis_csf55/pep/Rozella_allomycis_csf55.Rozella_k41_t100.pep.all.fa.gz,,euk4,ensembl,Rozella_allomycis_csf55.Rozella_k41_t100.pep.all.fa,genome,ftp://ftp.ensemblgenomes.org/pub/fungi/release-34/fasta/fungi_rozellomycota1_collection/rozella_allomycis_csf55/dna/Rozella_allomycis_csf55.Rozella_k41_t100.dna.toplevel.fa.gz 
ENCINT,876142,Opisthokonta,Encephalitozoon intestinalis ATCC 50506,eukaryota_odb30,30.58823529,,,5.098039216,64.31372549,False,ftp://ftp.ensemblgenomes.org/pub/fungi/release-34/fasta/fungi_microsporidia1_collection/encephalitozoon_intestinalis_atcc_50506/pep/Encephalitozoon_intestinalis_atcc_50506.ASM14646v1.pep.all.fa.gz,,euk4,ensembl,Encephalitozoon_intestinalis_atcc_50506.ASM14646v1.pep.all.fa,genome,http://ftp.ensemblgenomes.org/pub/fungi/release-34/fasta/fungi_microsporidia1_collection/encephalitozoon_intestinalis_atcc_50506/dna/Encephalitozoon_intestinalis_atcc_50506.ASM14646v1.dna.toplevel.fa.gz
VAVCUL,948595,Opisthokonta,Vavraia culicis floridensis,eukaryota_odb31,24.21875,,,6.25,69.53125,False,ftp://ftp.ensemblgenomes.org/pub/fungi/release-34/fasta/fungi_microsporidia1_collection/vavraia_culicis_subsp_floridensis/pep/Vavraia_culicis_subsp_floridensis.Vavr_culi_floridensis_V1.pep.all.fa.gz,,euk4,ensembl,Vavraia_culicis_subsp_floridensis.Vavr_culi_floridensis_V1.pep.all.fa,genome,http://ftp.ensemblgenomes.org/pub/fungi/release-34/fasta/fungi_microsporidia1_collection/vavraia_culicis_subsp_floridensis/dna/Vavraia_culicis_subsp_floridensis.Vavr_culi_floridensis_V1.dna.toplevel.fa.gz
PARTRI,2548444,Opisthokonta,Paraphelidium tribonemae,eukaryota_odb32,90.25157233,,,2.830188679,6.918238994,False,EukProt,,20220328,eukprot,EP00158_Paraphelidium_tribonemae.fasta,transcriptome,
SPIPUN,109760,Opisthokonta,Spizellomyces punctatus,eukaryota_odb33,94.921875,,,2.734375,2.34375,True,ftp://ftp.ensemblgenomes.org/pub/fungi/release-34/fasta/fungi_chytridiomycota1_collection/spizellomyces_punctatus_daom_br117/pep/Spizellomyces_punctatus_daom_br117.S_punctatus_V1.pep.all.fa.gz,,euk4,ensembl,Spizellomyces_punctatus_daom_br117.S_punctatus_V1.pep.all.fa,genome,http://ftp.ensemblgenomes.org/pub/fungi/release-34/fasta/fungi_chytridiomycota1_collection/spizellomyces_punctatus_daom_br117/dna/Spizellomyces_punctatus_daom_br117.S_punctatus_V1.dna.toplevel.fa.gz
GONPRO,1123529,Opisthokonta,Gonapodya prolifera,eukaryota_odb34,91.08527132,,,3.488372093,5.426356589,False,ftp://ftp.ncbi.nlm.nih.gov/genomes/all/GCA/001/574/975/GCA_001574975.1_Ganpr1/GCA_001574975.1_Ganpr1_protein.faa.gz,,euk4,gcf,GCA_001574975.1_Ganpr1_protein.faa,genome,https://ftp.ncbi.nlm.nih.gov/genomes/all/GCA/001/574/975/GCA_001574975.1_Ganpr1/GCA_001574975.1_Ganpr1_genomic.fna.gz
NEOSPE,681196,Opisthokonta,Neocallimastix sp G1,eukaryota_odb35,90.90909091,,,1.253918495,7.836990596,False,https://genome.jgi.doe.gov/portal/Neosp1/download/Neosp1_GeneCatalog_proteins_20170918.aa.fasta.gz,,20220419,jgi,Neosp1_GeneCatalog_proteins_20170918.aa.fasta,genome,https://genome.jgi.doe.gov/portal/pages/dynamicOrganismDownload.jsf?organism=Neosp1
ALLMAC,28583,Opisthokonta,Allomyces macrogynus,eukaryota_odb36,94.73684211,,,2.506265664,2.756892231,False,ftp://ftp.ensemblgenomes.org/pub/fungi/release-34/fasta/fungi_blastocladiomycota1_collection/allomyces_macrogynus_atcc_38327/pep/Allomyces_macrogynus_atcc_38327.A_macrogynus_V3.pep.all.fa.gz,,euk4,ensembl,Allomyces_macrogynus_atcc_38327.A_macrogynus_V3.pep.all.fa,genome,http://ftp.ensemblgenomes.org/pub/fungi/release-34/fasta/fungi_blastocladiomycota1_collection/allomyces_macrogynus_atcc_38327/dna/Allomyces_macrogynus_atcc_38327.A_macrogynus_V3.dna.toplevel.fa.gz
COEREV,61392,Opisthokonta,Coemansia reversa,eukaryota_odb37,93.33333333,,,3.921568627,2.745098039,False,genome.jgi.doe.gov/Coere1/download/Coere1_GeneCatalog_proteins_20110909.aa.fasta.gz,,euk4,jgi,Coere1_GeneCatalog_proteins_20110909.aa.fasta,genome,https://ftp.ncbi.nlm.nih.gov/genomes/all/GCA/002/705/745/GCA_002705745.1_Coere1/GCA_002705745.1_Coere1_genomic.fna.gz
RAMBRE,304332,Opisthokonta,Ramicandelaber brevisporus CBS 109374,eukaryota_odb38,86.77042802,,,5.836575875,7.392996109,False,http://genome.jgi.doe.gov/Rambr1/download/Rambr1_GeneCatalog_proteins_20140929.aa.fasta.gz,,euk4,jgi,Rambr1_GeneCatalog_proteins_20140929.aa.fasta,genome,https://genome.jgi.doe.gov/portal/pages/dynamicOrganismDownload.jsf?organism=Rambr1
MORVER,1069443,Opisthokonta,Mortierella verticillata NRRL 6337,eukaryota_odb39,98.86792453,,,0.7547169811,0.3773584906,False,http://genome.jgi.doe.gov/Morve1/download/Morve1_GeneCatalog_proteins_20161024.aa.fasta.gz,,20220419,jgi,Morve1_GeneCatalog_proteins_20161024.aa.fasta,genome,https://genome.jgi.doe.gov/portal/Morve1/download/Morve1_AssemblyScaffolds.fasta.gz
UMBRAM,41833,Opisthokonta,Umbelopsis ramanniana,eukaryota_odb40,96.10894942,,,1.556420233,2.33463035,False,https://genome.jgi.doe.gov/portal/Umbra1/download/Umbra1_GeneCatalog_proteins_20121109.aa.fasta.gz,,euk4,jgi,Umbra1_GeneCatalog_proteins_20121109.aa.fasta,genome,https://genome.jgi.doe.gov/portal/pages/dynamicOrganismDownload.jsf?organism=Umbra1
SYNPLU,1851185,Opisthokonta,Syncephalis plumigaleata NRRL S24 v1.0,eukaryota_odb41,90.69767442,,,5.813953488,3.488372093,False,http://genome.jgi.doe.gov/Synplu1/download/Synplu1_primary_alleles_proteins_20160908.aa.fasta.gz,,20220419,jgi,Synplu1_primary_alleles_proteins_20160908.aa.fasta,genome,https://genome.jgi.doe.gov/portal/pages/dynamicOrganismDownload.jsf?organism=Synplu1
BASMER,1357683,Opisthokonta,Basidiobolus meristosporus B9252,eukaryota_odb42,98.27586207,,,1.034482759,0.6896551724,False,http://genome.jgi.doe.gov/Basme2finSC/download/Basme2finSC_GeneCatalog_proteins_20150701.aa.fasta.gz,,20220419,jgi,Basme2finSC_GeneCatalog_proteins_20150701.aa.fasta,genome,http://genome.jgi.doe.gov/Basme2finSC
RHIIRR,588596,Opisthokonta,Rhizophagus irregularis,eukaryota_odb43,94.96124031,,,1.937984496,3.100775194,True,https://ftp.ncbi.nlm.nih.gov/genomes/all/GCA/000/439/145/GCA_000439145.3_ASM43914v3/GCA_000439145.3_ASM43914v3_protein.faa.gz,,20220419,gcf,GCA_000439145.3_ASM43914v3_protein.faa,genome,https://ftp.ncbi.nlm.nih.gov/genomes/all/GCA/000/439/145/GCA_000439145.3_ASM43914v3/GCA_000439145.3_ASM43914v3_genomic.fna.gz
USTMAY,5270,Opisthokonta,Ustilago maydis,eukaryota_odb44,98.82352941,,,0.3921568627,0.7843137255,False,ftp://ftp.ensemblgenomes.org/pub/fungi/release-34/fasta/ustilago_maydis/pep/Ustilago_maydis.Umaydis521_2.0.pep.all.fa.gz,,euk4,ensembl,Ustilago_maydis.Umaydis521_2.0.pep.all.fa,genome,http://ftp.ensemblgenomes.org/pub/fungi/release-34/fasta/ustilago_maydis/dna/Ustilago_maydis.Umaydis521_2.0.dna.toplevel.fa.gz
AGABIS,5341,Opisthokonta,Agaricus bisporus,eukaryota_odb45,96.51162791,,,1.550387597,1.937984496,False,https://genome.jgi.doe.gov/portal/Agabi_varbisH97_2/download/Abisporus_varbisporusH97.v2.FilteredModels3.proteins.fasta.gz,https://www.pnas.org/doi/10.1073/pnas.1206847109,20220419,jgi,Abisporus_varbisporusH97.v2.FilteredModels3.proteins.fasta,genome,https://genome.jgi.doe.gov/portal/Agabi_varbisH97_2/Agabi_varbisH97_2.download.ftp.html
CRYNEO,5207,Opisthokonta,Cryptococcus neoformans,eukaryota_odb46,96.875,,,2.34375,0.78125,False,http://ftp.ensemblgenomes.org/pub/fungi/release-52/fasta/cryptococcus_neoformans/pep/Cryptococcus_neoformans.ASM9104v1.pep.all.fa.gz,,euk4,ensembl,Cryptococcus_neoformans.ASM9104v1.pep.all.fa,genome,http://ftp.ensemblgenomes.org/pub/fungi/release-52/fasta/cryptococcus_neoformans/dna/Cryptococcus_neoformans.ASM9104v1.dna.toplevel.fa.gz 
SCHPOM,4896,Opisthokonta,Schizosaccharomyces pombe,eukaryota_odb47,96.88715953,,,0.3891050584,2.723735409,False,http://ftp.ensemblgenomes.org/pub/fungi/release-52/fasta/schizosaccharomyces_pombe/pep/Schizosaccharomyces_pombe.ASM294v2.pep.all.fa.gz,,euk4,ensembl,Schizosaccharomyces_pombe.ASM294v2.pep.all.fa,genome,http://ftp.ensemblgenomes.org/pub/fungi/release-52/fasta/schizosaccharomyces_pombe/dna/Schizosaccharomyces_pombe.ASM294v2.dna.toplevel.fa.gz
NEUCRA,5141,Opisthokonta,Neurospora crassa,eukaryota_odb48,94.90196078,,,0.3921568627,4.705882353,False,ftp://ftp.ensemblgenomes.org/pub/fungi/release-34/fasta/fungi_ascomycota2_collection/neurospora_crassa_gca_000786625/pep/Neurospora_crassa_gca_000786625.Neucr_trp3_1.pep.all.fa.gz,,euk4,ensembl,Neurospora_crassa_gca_000786625.Neucr_trp3_1.pep.all.fa,genome,http://ftp.ensemblgenomes.org/pub/fungi/release-34/fasta/fungi_ascomycota2_collection/neurospora_crassa_gca_000786625/dna/Neurospora_crassa_gca_000786625.Neucr_trp3_1.dna.toplevel.fa.gz
SACCER,4932,Opisthokonta,Saccharomyces cerevisiae,eukaryota_odb49,93.38521401,,,1.167315175,5.447470817,False,ftp://ftp.ensemblgenomes.org/pub/fungi/release-34/fasta/saccharomyces_cerevisiae/pep/Saccharomyces_cerevisiae.R64-1-1.pep.all.fa.gz,,euk4,ensembl,Saccharomyces_cerevisiae.R64-1-1.pep.all.fa,genome,http://ftp.ensemblgenomes.org/pub/fungi/release-34/fasta/saccharomyces_cerevisiae/dna/Saccharomyces_cerevisiae.R64-1-1.dna.toplevel.fa.gz
CHRPER,1932427,Opisthokonta,Chromosphaera perkinsii,eukaryota_odb50,92.578125,,,3.90625,3.515625,False,9362518,,20220419,generic,9362518,genome,https://figshare.com/ndownloader/files/9362509
CREFRA,470921,Opisthokonta,Creolimax fragrantissima,eukaryota_odb51,95.71984436,,,1.945525292,2.33463035,False,https://figshare.com/ndownloader/files/3328016,,euk4,generic,3328016,genome,https://figshare.com/articles/dataset/Creolimax_fragrantissima_genome_data/1403592?file=3328022
CAPOWC,192875,Opisthokonta,Capsaspora owczarzaki,eukaryota_odb52,93.8697318,,,2.298850575,3.831417625,True,ftp://ftp.ensemblgenomes.org/pub/protists/release-34/fasta/protists_ichthyosporea1_collection/capsaspora_owczarzaki_atcc_30864/pep/Capsaspora_owczarzaki_atcc_30864.C_owczarzaki_V2.pep.all.fa.gz,,euk4,ensembl,Capsaspora_owczarzaki_atcc_30864.C_owczarzaki_V2.pep.all.fa,genome,ftp.ensemblgenomes.org/pub/protists/release-34/fasta/protists_ichthyosporea1_collection/capsaspora_owczarzaki_atcc_30864/dna/Capsaspora_owczarzaki_atcc_30864.C_owczarzaki_V2.dna.toplevel.fa.gz
DIAGRA,28014,Opisthokonta,Diaphanoeca grandis,eukaryota_odb53,92.27799228,,,3.088803089,4.633204633,False,EukProt,,20220328,eukprot,EP00040_Diaphanoeca_grandis.fasta,transcriptome,
MONBRE,81824,Opisthokonta,Monosiga brevicollis,eukaryota_odb54,78.82352941,,,7.450980392,13.7254902,False,http://ftp.ensemblgenomes.org/pub/protists/release-52/fasta/protists_choanoflagellida1_collection/monosiga_brevicollis_mx1_gca_000002865/pep/Monosiga_brevicollis_mx1_gca_000002865.V1.0.pep.all.fa.gz,,euk4,ensembl,Monosiga_brevicollis_mx1_gca_000002865.V1.0.pep.all.fa,genome,http://ftp.ensemblgenomes.org/pub/protists/release-52/fasta/protists_choanoflagellida1_collection/monosiga_brevicollis_mx1_gca_000002865/dna/Monosiga_brevicollis_mx1_gca_000002865.V1.0.dna.toplevel.fa.gz
SALKVE,1924737,Opisthokonta,Salpingoeca kvevrii,eukaryota_odb55,95.05703422,,,2.661596958,2.281368821,True,EukProt,,20220328,eukprot,EP00050_Salpingoeca_kvevrii.fasta,transcriptome,
LEUCOM,433461,Opisthokonta,Leucosolenia complicata,eukaryota_odb56,95.48611111,,,2.430555556,2.083333333,False,https://datadryad.org/stash/downloads/file_stream/7883,,20220419,generic,7883,genome,https://datadryad.org/stash/downloads/file_stream/7883
MNELEI,27923,Opisthokonta,Mnemiopsis leidyi,eukaryota_odb57,83.84615385,,,8.076923077,8.076923077,False,https://research.nhgri.nih.gov/mnemiopsis/download/proteome/ML2.2.aa.gz,,20220419,generic,ML2.2.aa,genome,https://research.nhgri.nih.gov/mnemiopsis/download/genome/MlScaffold09.nt.gz
NEMVEC,45351,Opisthokonta,Nematostella vectensis,eukaryota_odb58,93.41085271,,,5.426356589,1.162790698,True,https://ftp.ncbi.nlm.nih.gov/genomes/all/GCF/932/526/225/GCF_932526225.1_jaNemVect1.1/GCF_932526225.1_jaNemVect1.1_protein.faa.gz,,20221112,ensembl,GCF_932526225.1_jaNemVect1.1_protein.faa.gz,genome,https://ftp.ncbi.nlm.nih.gov/genomes/all/GCF/932/526/225/GCF_932526225.1_jaNemVect1.1/GCF_932526225.1_jaNemVect1.1_genomic.fna.gz
TRIADH,10228,Opisthokonta,Trichoplax adhaerens,eukaryota_odb59,92.96875,,,4.6875,2.34375,False,ftp://ftp.ensemblgenomes.org/pub/metazoa/release-34/fasta/trichoplax_adhaerens/pep/Trichoplax_adhaerens.ASM15027v1.pep.all.fa.gz,,euk4,ensembl,Trichoplax_adhaerens.ASM15027v1.pep.all.fa,genome,http://ftp.ensemblgenomes.org/pub/metazoa/release-34/fasta/trichoplax_adhaerens/dna/Trichoplax_adhaerens.ASM15027v1.dna.toplevel.fa.gz
ACAPLA,133434,Opisthokonta,Acanthaster planci,eukaryota_odb60,99.62121212,,,0.3787878788,0.0,False,https://ftp.ncbi.nlm.nih.gov/genomes/all/GCF/001/949/145/GCF_001949145.1_OKI-Apl_1.0/GCF_001949145.1_OKI-Apl_1.0_protein.faa.gz,,20220419,gcf,GCF_001949145.1_OKI-Apl_1.0_protein.faa,genome,https://ftp.ncbi.nlm.nih.gov/genomes/all/GCF/001/949/145/GCF_001949145.1_OKI-Apl_1.0/GCF_001949145.1_OKI-Apl_1.0_genomic.fna.gz
CIOINT,7719,Opisthokonta,Ciona intestinalis,eukaryota_odb61,85.76923077,,,6.923076923,7.307692308,False,http://ftp.ensembl.org/pub/release-105/fasta/ciona_intestinalis/pep/Ciona_intestinalis.KH.pep.all.fa.gz,,20220419,ensembl,Ciona_intestinalis.KH.pep.all.fa,genome,ftp.ensembl.org/pub/release-105/fasta/ciona_intestinalis/dna/Ciona_intestinalis.KH.dna.toplevel.fa.gz
BRABEL,7741,Opisthokonta,Branchiostoma belcheri,eukaryota_odb62,99.6124031,,,0.0,0.3875968992,False,ftp://ftp.ncbi.nlm.nih.gov/genomes/all/GCF/001/625/305/GCF_001625305.1_Haploidv18h27/GCF_001625305.1_Haploidv18h27_protein.faa.gz,,20220419,gcf,GCF_001625305.1_Haploidv18h27_protein.faa,genome,ftp.ncbi.nlm.nih.gov/genomes/all/GCF/001/625/305/GCF_001625305.1_Haploidv18h27/GCF_001625305.1_Haploidv18h27_genomic.fna.gz    
DANRER,7955,Opisthokonta,Danio rerio,eukaryota_odb63,99.27007299,,,0.7299270073,0.0,False,http://ftp.ensembl.org/pub/release-105/fasta/danio_rerio/pep/Danio_rerio.GRCz11.pep.all.fa.gz,,20220419,ensembl,Danio_rerio.GRCz11.pep.all.fa,genome,http://ftp.ensembl.org/pub/release-105/fasta/danio_rerio/dna/Danio_rerio.GRCz11.dna.toplevel.fa.gz
HOMSAP,9606,Opisthokonta,Homo sapiens,eukaryota_odb64,100.0,,,0.0,0.0,True,https://ftp.ncbi.nlm.nih.gov/genomes/all/GCF/000/001/405/GCF_000001405.40_GRCh38.p14/GCF_000001405.40_GRCh38.p14_protein.faa.gz,,20220419,gcf,GCF_000001405.40_GRCh38.p14_protein.faa,genome,https://ftp.ncbi.nlm.nih.gov/genomes/all/GCF/000/001/405/GCF_000001405.40_GRCh38.p14/GCF_000001405.40_GRCh38.p14_genomic.fna.gz
IXOSCA,6945,Opisthokonta,Ixodes scapularis,eukaryota_odb65,98.84615385,,,0.7692307692,0.3846153846,False,https://ftp.ncbi.nlm.nih.gov/genomes/all/GCF/016/920/785/GCF_016920785.2_ASM1692078v2/GCF_016920785.2_ASM1692078v2_protein.faa.gz,,20220419,gcf,GCF_016920785.2_ASM1692078v2_protein.faa,genome,https://ftp.ncbi.nlm.nih.gov/genomes/all/GCF/016/920/785/GCF_016920785.2_ASM1692078v2/GCF_016920785.2_ASM1692078v2_genomic.fna.gz
DAPMAG,35525,Opisthokonta,Daphnia magna,eukaryota_odb66,92.54901961,,,1.960784314,5.490196078,False,ftp://ftp.ncbi.nlm.nih.gov/genomes/all/GCA/001/632/505/GCA_001632505.1_daphmag2.4/GCA_001632505.1_daphmag2.4_protein.faa.gz,,20220419,gcf,GCA_001632505.1_daphmag2.4_protein.faa,genome,https://ftp.ncbi.nlm.nih.gov/genomes/all/GCA/001/632/505/GCA_001632505.1_daphmag2.4/GCA_001632505.1_daphmag2.4_genomic.fna.gz
BOMMOR,7091,Opisthokonta,Bombyx mori,eukaryota_odb67,84.43579767,,,8.949416342,6.614785992,False,ftp://ftp.ensemblgenomes.org/pub/metazoa/release-34/fasta/bombyx_mori/pep/Bombyx_mori.GCA_000151625.1.pep.all.fa.gz,,euk4,ensembl,Bombyx_mori.GCA_000151625.1.pep.all.fa,genome,ftp.ensemblgenomes.org/pub/metazoa/release-34/fasta/bombyx_mori/dna/Bombyx_mori.GCA_000151625.1.dna.toplevel.fa.gz
DROMEL,7227,Opisthokonta,Drosophila melanogaster,eukaryota_odb68,100.0,,,0.0,0.0,False,http://ftp.ensembl.org/pub/release-106/fasta/drosophila_melanogaster/pep/Drosophila_melanogaster.BDGP6.32.pep.all.fa.gz,,20220419,ensembl,Drosophila_melanogaster.BDGP6.32.pep.all.fa,genome,http://ftp.ensembl.org/pub/release-106/fasta/drosophila_melanogaster/dna/Drosophila_melanogaster.BDGP6.32.dna.toplevel.fa.gz 
SCHMAN,6183,Opisthokonta,Schistosoma mansoni,eukaryota_odb69,87.59689922,,,6.589147287,5.813953488,False,ftp://ftp.ebi.ac.uk/pub/databases/wormbase/parasite/releases/WBPS8/species/schistosoma_mansoni/PRJEA36577/schistosoma_mansoni.PRJEA36577.WBPS8.protein.fa.gz,,20220419,wormbase,schistosoma_mansoni.PRJEA36577.WBPS8.protein.fa,genome,http://ftp.ebi.ac.uk/pub/databases/wormbase/parasite/releases/WBPS8/species/schistosoma_mansoni/PRJEA36577/schistosoma_mansoni.PRJEA36577.WBPS8.genomic.fa.gz
CRAGIG,29159,Opisthokonta,Crassostrea gigas,eukaryota_odb70,100.0,,,0.0,0.0,False,https://ftp.ncbi.nlm.nih.gov/genomes/all/GCF/902/806/645/GCF_902806645.1_cgigas_uk_roslin_v1/GCF_902806645.1_cgigas_uk_roslin_v1_protein.faa.gz,,20220419,gcf,GCF_902806645.1_cgigas_uk_roslin_v1_protein.faa,genome,https://ftp.ncbi.nlm.nih.gov/genomes/all/GCF/902/806/645/GCF_902806645.1_cgigas_uk_roslin_v1/GCF_902806645.1_cgigas_uk_roslin_v1_genomic.fna.gz
RAMVAR,947166,Opisthokonta,Ramazzottius varieornatus,eukaryota_odb71,92.7480916,,,3.053435115,4.198473282,False,ftp://ftp.ncbi.nlm.nih.gov/genomes/all/GCA/001/949/185/GCA_001949185.1_Rvar_4.0/GCA_001949185.1_Rvar_4.0_protein.faa.gz,,euk4,gcf,GCA_001949185.1_Rvar_4.0_protein.faa,genome,https://ftp.ncbi.nlm.nih.gov/genomes/all/GCA/001/949/185/GCA_001949185.1_Rvar_4.0/GCA_001949185.1_Rvar_4.0_genomic.fna.gz
PRIPAC,54126,Opisthokonta,Pristionchus pacificus,eukaryota_odb73,93.48659004,,,3.0651341,3.448275862,False,http://pristionchus.org/download/El_Paco_gene_annotations_V3.tgz,,20220419,generic,El_Paco_V3_proteins.fa,genome,http://pristionchus.org/download/El_Paco_genome.tgz 
STRRAT,34506,Opisthokonta,Strongyloides ratti,eukaryota_odb72,84.84848485,,,6.818181818,8.333333333,False,ftp://ftp.ebi.ac.uk/pub/databases/wormbase/parasite/releases/WBPS8/species/strongyloides_ratti/PRJEB125/strongyloides_ratti.PRJEB125.WBPS8.protein.fa.gz,,euk4,wormbase,strongyloides_ratti.PRJEB125.WBPS8.protein.fa,genome,http://ftp.ebi.ac.uk/pub/databases/wormbase/parasite/releases/WBPS8/species/strongyloides_ratti/PRJEB125/strongyloides_ratti.PRJEB125.WBPS8.genomic.fa.gz
CAEELE,6239,Opisthokonta,Caenorhabditis elegans,eukaryota_odb74,98.0620155,,,0.7751937984,1.162790698,False,https://ftp.ebi.ac.uk/pub/databases/wormbase/parasite/releases/WBPS17/species/caenorhabditis_elegans/PRJNA13758/caenorhabditis_elegans.PRJNA13758.WBPS17.protein.fa.gz,,20221103,gcf,caenorhabditis_elegans.PRJNA13758.WBPS17.protein.fa.gz,genome,
PICSPE,419944,Picozoa,Picozoa_sp_COSAG02,eukaryota_odb75,35.92592593,,,26.2962963,37.77777778,False,EukProt,,20220328,eukprot,EP01043_Picozoa_sp_COSAG02.fasta,genome,https://doi.org/10.6084/m9.figshare.c.5388176.v1
MICMAR,1079982,Cryptista,Microheliella maris,eukaryota_odb76,69.75088968,,,18.50533808,11.74377224,False,https://datadryad.org/stash/downloads/file_stream/1389915,https://royalsocietypublishing.org/doi/10.1098/rsob.210376#d1e1693,20220419,generic,1389915,transcriptome,
PALBIL,652834,Cryptista,Palpitomonas bilix,eukaryota_odb77,62.04379562,,,11.31386861,26.64233577,False,EukProt,,20220328,eukprot,EP00297_Palpitomonas_bilix.fasta,transcriptome,
GONPAC,195067,Cryptista,Goniomonas pacifica,eukaryota_odb78,70.63197026,,,15.6133829,13.75464684,True,EukProt,,20220328,eukprot,EP00295_Goniomonas_pacifica.fasta,transcriptome,
GUITHE,55529,Cryptista,Guillardia theta,eukaryota_odb79,80.45112782,,,9.77443609,9.77443609,False,http://ftp.ensemblgenomes.org/pub/protists/release-53/fasta/guillardia_theta/pep/Guillardia_theta.Guith1.pep.all.fa.gz,,euk4,ensembl,Guillardia_theta.Guith1.pep.all.fa,genome,ftp.ensemblgenomes.org/pub/protists/release-53/fasta/guillardia_theta/dna/Guillardia_theta.Guith1.dna_rm.toplevel.fa.gz
BAFFRI,2571260,Cryptista,Baffinella frigidus,eukaryota_odb80,80.78291815,,,10.3202847,8.896797153,True,EukProt,,20220328,eukprot,EP00290_Baffinella_frigidus.fasta,transcriptome,
GEMCRY,46947,Cryptista,Geminigera cryophila,eukaryota_odb81,74.63768116,,,9.057971014,16.30434783,False,EukProt,,20220328,eukprot,EP00277_Geminigera_cryophila.fasta,transcriptome,
DIALUT,2081491,Haptista,Diacronema lutheri,eukaryota_odb82,83.59375,,,5.46875,10.9375,True,https://ftp.ncbi.nlm.nih.gov/genomes/all/GCA/019/448/385/GCA_019448385.1_MSCA_Paluth_1.1/GCA_019448385.1_MSCA_Paluth_1.1_protein.faa.gz,,20220419,gcf,GCA_019448385.1_MSCA_Paluth_1.1_protein.faa,genome,https://ftp.ncbi.nlm.nih.gov/genomes/all/GCA/019/448/385/GCA_019448385.1_MSCA_Paluth_1.1/GCA_019448385.1_MSCA_Paluth_1.1_genomic.fna.gz
GEPOCE,38817,Haptista,Gephyrocapsa oceanica,eukaryota_odb83,68.84057971,,,13.4057971,17.75362319,False,EukProt,,20220328,eukprot,EP00315_Gephyrocapsa_oceanica.fasta,transcriptome,
PRYPAR,97485,Haptista,Prymnesium parvum,eukaryota_odb84,73.64620939,,,6.498194946,19.85559567,False,EukProt,,20220328,eukprot,EP00327_Prymnesium_parvum.fasta,transcriptome,
CHOSPE,299888,Haptista,Choanocystis sp HF-7,eukaryota_odb85,91.27906977,,,3.197674419,5.523255814,True,EukProt,,20220328,eukprot,EP00300_Choanocystis_sp_HF-7.fasta,transcriptome,
PTESPE,1982029,Haptista,Pterocystis sp 00344,eukaryota_odb86,80.60836502,,,6.463878327,12.92775665,False,EukProt,,20220328,eukprot,EP00299_Pterocystis_sp_00344.fasta,transcriptome,
ACASPE,299834,Haptista,Acanthocystis sp HF-20,eukaryota_odb87,70.94339623,,,15.47169811,13.58490566,False,EukProt,,20220328,eukprot,EP00298_Acanthocystis_sp_HF-20.fasta,transcriptome,
RAPHET,1703429,Haptista,Raphidiophrys heterophryoidea,eukaryota_odb88,83.63636364,,,7.272727273,9.090909091,False,EukProt,,20220328,eukprot,EP00301_Raphidiophrys_heterophryoidea.fasta,transcriptome,
RHOMAR,2584957,Rhodelphis,Rhodelphis marinus,eukaryota_odb89,89.88326848,,,5.058365759,5.058365759,True,EukProt,,20220328,eukprot,EP00736_Rhodelphis_marinus.fasta,transcriptome,
MADERY,753684,Rhodophyta,Madagascaria erythrocladioides,eukaryota_odb90,54.34782609,,,25.0,20.65217391,False,EukProt,,20220328,eukprot,EP00179_Madagascaria_erythrocladioides.fasta,transcriptome,
CYAMER,45157,Rhodophyta,Cyanidioschyzon merolae,eukaryota_odb91,71.09375,,,7.421875,21.484375,False,http://ftp.ensemblgenomes.org/pub/plants/release-53/fasta/cyanidioschyzon_merolae/pep/Cyanidioschyzon_merolae.ASM9120v1.pep.all.fa.gz,,euk4,ensembl,Cyanidioschyzon_merolae.ASM9120v1.pep.all.fa,genome,http://ftp.ensemblgenomes.org/pub/plants/release-53/fasta/cyanidioschyzon_merolae/dna/Cyanidioschyzon_merolae.ASM9120v1.dna.toplevel.fa.gz
GALSUL,130081,Rhodophyta,Galdieria sulphuraria,eukaryota_odb92,78.49056604,,,7.924528302,13.58490566,True,http://ftp.ensemblgenomes.org/pub/plants/release-53/fasta/galdieria_sulphuraria/pep/Galdieria_sulphuraria.ASM34128v1.pep.all.fa.gz,,20220419,ensembl,Galdieria_sulphuraria.ASM34128v1.pep.all.fa,genome,http://ftp.ensemblgenomes.org/pub/plants/release-53/fasta/galdieria_sulphuraria/dna/Galdieria_sulphuraria.ASM34128v1.dna.toplevel.fa.gz 
RUSMAR,101924,Rhodophyta,Rhodosorus marinus,eukaryota_odb93,77.27272727,,,5.194805195,17.53246753,False,EukProt,,20220328,eukprot,EP00189_Rhodosorus_marinus.fasta,transcriptome,
GRACHO,448386,Rhodophyta,Gracilariopsis chorda,eukaryota_odb94,81.00775194,,,5.03875969,13.95348837,True,https://ftp.ncbi.nlm.nih.gov/genomes/all/GCA/003/194/525/GCA_003194525.1_GraCho1.0/GCA_003194525.1_GraCho1.0_protein.faa.gz,,20220419,gcf,GCA_003194525.1_GraCho1.0_protein.faa,genome,https://ftp.ncbi.nlm.nih.gov/genomes/all/GCA/003/194/525/GCA_003194525.1_GraCho1.0/GCA_003194525.1_GraCho1.0_genomic.fna.gz 
PORPUR,35688,Rhodophyta,Porphyridium purpureum,eukaryota_odb95,73.88059701,,,7.462686567,18.65671642,False,https://ftp.ncbi.nlm.nih.gov/genomes/all/GCA/008/690/995/GCA_008690995.1_P_purpureum_CCMP1328_Hybrid_assembly/GCA_008690995.1_P_purpureum_CCMP1328_Hybrid_assembly_protein.faa.gz,,20220419,gcf,GCA_008690995.1_P_purpureum_CCMP1328_Hybrid_assembly_protein.faa,genome,https://ftp.ncbi.nlm.nih.gov/genomes/all/GCA/008/690/995/GCA_008690995.1_P_purpureum_CCMP1328_Hybrid_assembly/GCA_008690995.1_P_purpureum_CCMP1328_Hybrid_assembly_genomic.fna.gz 
CYAGLO,77921,Glaucophyta,Cyanoptyche gloeocystis,eukaryota_odb96,34.88372093,,,8.914728682,56.20155039,False,EukProt,,20220328,eukprot,EP00274_Cyanoptyche_gloeocystis.fasta,transcriptome,
CYAPAR,2762,Glaucophyta,Cyanophora paradoxa,eukaryota_odb97,85.32818533,,,3.474903475,11.1969112,True,https://genome.jgi.doe.gov/portal/Cyapar1/download/Cyapar1_GeneCatalog_proteins_20200807.aa.fasta.gz,,20220419,jgi,Cyapar1_GeneCatalog_proteins_20200807.aa.fasta,transcriptome,
GLOWIT,38269,Glaucophyta,Gloeochaete wittrockiana,eukaryota_odb98,87.98701299,,,4.545454545,7.467532468,True,EukProt,,20220328,eukprot,EP00276_Gloeochaete_wittrockiana.fasta,transcriptome,
CHLATM,3144,Chloroplastida,Chlorokybus atmophyticus,eukaryota_odb99,90.625,,,4.6875,4.6875,False,EukProt,,20220328,eukprot,EP00898_Chlorokybus_atmophyticus.fasta,genome,https://genome.jgi.doe.gov/portal/pages/dynamicOrganismDownload.jsf?organism=Chlat1
KLENIT,105231,Chloroplastida,Klebsormidium nitens,eukaryota_odb100,97.265625,,,1.5625,1.171875,True,http://www.plantmorphogenesis.bio.titech.ac.jp/~algae_genome_project/klebsormidium/kf_download/160614_klebsormidium_v1.1_AA.fasta,,20220419,generic,160614_klebsormidium_v1.1_AA.fasta,genome,http://www.plantmorphogenesis.bio.titech.ac.jp/~algae_genome_project/klebsormidium/kf_download/120824_klebsormidium_Scaffolds_v1.0.fna
CHABRA,69332,Chloroplastida,Chara braunii,eukaryota_odb101,79.7752809,,,10.86142322,9.36329588,False,http://ftp.ensemblgenomes.org/pub/plants/release-52/fasta/chara_braunii/pep/Chara_braunii.Cbr_1.0.pep.all.fa.gz,,20220419,ensembl,Chara_braunii.Cbr_1.0.pep.all.fa,genome,http://ftp.ensemblgenomes.org/pub/plants/release-52/fasta/chara_braunii/dna/Chara_braunii.Cbr_1.0.dna.toplevel.fa.gz
MARPOL,3197,Chloroplastida,Marchantia polymorpha,eukaryota_odb102,99.61977186,,,0.3802281369,0.0,False,https://ftp.ncbi.nlm.nih.gov/genomes/all/GCA/009/936/355/GCA_009936355.2_ASM993635v2/GCA_009936355.2_ASM993635v2_protein.faa.gz,,20220419,gcf,GCA_009936355.2_ASM993635v2_protein.faa,genome,https://ftp.ncbi.nlm.nih.gov/genomes/all/GCA/009/936/355/GCA_009936355.2_ASM993635v2/GCA_009936355.2_ASM993635v2_genomic.fna.gz 
PHYPAT,3218,Chloroplastida,Physcomitrium patens,eukaryota_odb103,100.0,,,0.0,0.0,True,EukProt,,20220328,eukprot,EP00247_Physcomitrium_patens.fasta,transcriptome,
CYCPAN,123604,Chloroplastida,Cycas panzhihuaensis,eukaryota_odb104,95.07042254,,,2.112676056,2.816901408,False,https://db.cngb.org/codeplot/datasets/public_dataset?id=PwRftGHfPs5qG3gE,,20220419,generic,CYCPAN.fasta,genome,https://ftp.cngb.org/pub/CNSA/data1/CNP0001756/CNS0381401/CNA0022716/Cycas_panzhihuaensis_genome.fasta.gz
ARATHA,3702,Chloroplastida,Arabidopsis thaliana,eukaryota_odb105,100.0,,,0.0,0.0,True,https://ftp.ncbi.nlm.nih.gov/genomes/all/GCF/000/001/735/GCF_000001735.4_TAIR10.1/GCF_000001735.4_TAIR10.1_protein.faa.gz,,20220419,gcf,GCF_000001735.4_TAIR10.1_protein.faa,genome,https://ftp.ncbi.nlm.nih.gov/genomes/all/GCF/000/001/735/GCF_000001735.4_TAIR10.1/GCF_000001735.4_TAIR10.1_genomic.fna.gz
SORBIC,4558,Chloroplastida,Sorghum bicolor,eukaryota_odb106,100.0,,,0.0,0.0,False,http://ftp.ensemblgenomes.org/pub/plants/release-52/fasta/sorghum_bicolor/pep/Sorghum_bicolor.Sorghum_bicolor_NCBIv3.pep.all.fa.gz,,20220419,ensembl,Sorghum_bicolor.Sorghum_bicolor_NCBIv3.pep.all.fa,genome,http://ftp.ensemblgenomes.org/pub/plants/release-52/fasta/sorghum_bicolor/dna/Sorghum_bicolor.Sorghum_bicolor_NCBIv3.dna.toplevel.fa.gz
PRACOL,156133,Chloroplastida,Prasinoderma coloniale,eukaryota_odb107,85.09803922,,,5.098039216,9.803921569,False,EukProt,,20220328,eukprot,EP00793_Prasinoderma_coloniale.fasta,genome,https://ftp.cngb.org/pub/CNSA/data2/CNP0000924/CNS0223647/CNA0013964/Prasinoderma_coloniale_genome.fasta.gz
MICSPE,38832,Chloroplastida,Micromonas species RCC299,eukaryota_odb108,80.54474708,,,5.447470817,14.0077821,True,https://ftp.ncbi.nlm.nih.gov/genomes/all/GCF/000/151/265/GCF_000151265.2_Micromonas_pusilla_CCMP1545_v2.0/GCF_000151265.2_Micromonas_pusilla_CCMP1545_v2.0_protein.faa.gz,,20220419,gcf,GCF_000151265.2_Micromonas_pusilla_CCMP1545_v2.0_protein.faa,genome,https://ftp.ncbi.nlm.nih.gov/genomes/all/GCF/000/151/265/GCF_000151265.2_Micromonas_pusilla_CCMP1545_v2.0/GCF_000151265.2_Micromonas_pusilla_CCMP1545_v2.0_genomic.fna.gz
OSTTAU,70448,Chloroplastida,Ostreococcus tauri,eukaryota_odb109,80.46875,,,5.859375,13.671875,False,https://ftp.ncbi.nlm.nih.gov/genomes/all/GCF/000/214/015/GCF_000214015.3_version_140606/GCF_000214015.3_version_140606_protein.faa.gz,,20220419,gcf,GCF_000214015.3_version_140606_protein.faa,genome,https://ftp.ncbi.nlm.nih.gov/genomes/all/GCF/000/214/015/GCF_000214015.3_version_140606/GCF_000214015.3_version_140606_genomic.fna.gz
NEPPYR,156128,Chloroplastida,Nephroselmis pyriformis,eukaryota_odb110,65.38461538,,,21.92307692,12.69230769,False,EukProt,,20220328,eukprot,EP00232_Nephroselmis_pyriformis.fasta,transcriptome,
CHLVAR,554065,Chloroplastida,Chlorella variabilis,eukaryota_odb111,78.90625,,,7.421875,13.671875,False,http://genome.jgi.doe.gov/ChlNC64A_1/download/Chlorella_NC64A.best_proteins.fasta.gz,,euk4,jgi,Chlorella_NC64A.best_proteins.fasta,transcriptome,
COCSUB,248742,Chloroplastida,Coccomyxa subellipsoidea,eukaryota_odb112,86.1003861,,,4.633204633,9.266409266,False,EukProt,,20220328,eukprot,EP00206_Coccomyxa_subellipsoidea.fasta,genome,ftp.ncbi.nlm.nih.gov/genomes/all/GCF/000/258/705/GCF_000258705.1_Coccomyxa_subellipsoidae_v2.0/GCF_000258705.1_Coccomyxa_subellipsoidae_v2.0_genomic.fna.gz
CAULEN,148947,Chloroplastida,Caulerpa lentillifera,eukaryota_odb113,70.38461538,,,6.538461538,23.07692308,False,https://marinegenomics.oist.jp/umibudo/download/clen_genemodels-v1.1.faa.gz,,20220419,generic,clen_genemodels-v1.1.faa,genome,https://marinegenomics.oist.jp/umibudo/viewer/download?project_id=55
CHLREI,3055,Chloroplastida,Chlamydomonas reinhardtii,eukaryota_odb114,91.76470588,,,3.921568627,4.31372549,True,http://ftp.ensemblgenomes.org/pub/plants/release-52/fasta/chlamydomonas_reinhardtii/pep/Chlamydomonas_reinhardtii.Chlamydomonas_reinhardtii_v5.5.pep.all.fa.gz,,20220419,ensembl,Chlamydomonas_reinhardtii.Chlamydomonas_reinhardtii_v5.5.pep.all.fa,genome,http://ftp.ensemblgenomes.org/pub/plants/release-52/fasta/chlamydomonas_reinhardtii/dna/Chlamydomonas_reinhardtii.Chlamydomonas_reinhardtii_v5.5.dna.toplevel.fa.gz 
MONNEG,145388,Chloroplastida,Monoraphidium neglectum,eukaryota_odb115,49.01960784,,,23.1372549,27.84313725,False,ftp://ftp.ncbi.nlm.nih.gov/genomes/all/GCF/000/611/645/GCF_000611645.1_mono_v1/GCF_000611645.1_mono_v1_protein.faa.gz,,20220419,gcf,GCF_000611645.1_mono_v1_protein.faa,genome,https://ftp.ncbi.nlm.nih.gov/genomes/all/GCF/000/611/645/GCF_000611645.1_mono_v1/GCF_000611645.1_mono_v1_genomic.fna.gz
TELSPE,2861132,Telonemia,Telonema sp P-2,eukaryota_odb116,81.08108108,,,10.81081081,8.108108108,False,EukProt,,20220328,eukprot,EP00658_Telonema_sp_P-2.fasta,transcriptome,
TELSUB,232287,Telonemia,Telonema subtile,eukaryota_odb117,83.84879725,,,7.903780069,8.24742268,True,EukProt,,20220328,eukprot,EP00656_Telonema_subtile.fasta,transcriptome,
ELPMAR,933848,Rhizaria,Elphidium margaritaceum,eukaryota_odb118,59.07335907,,,11.1969112,29.72972973,False,EukProt,,20220328,eukprot,EP00485_Elphidium_margaritaceum.fasta,transcriptome,
LEPVOR,1108494,Rhizaria,Leptophrys vorax,eukaryota_odb119,76.0,,,13.0,11.0,False,EukProt,,20220328,eukprot,EP00475_Leptophrys_vorax.fasta,transcriptome,
PLABRA,37360,Rhizaria,Plasmodiophora brassicae,eukaryota_odb120,89.0625,,,3.515625,7.421875,True,http://ftp.ensemblgenomes.org/pub/protists/release-53/fasta/protists_rhizaria1_collection/plasmodiophora_brassicae_gca_001049375/pep/Plasmodiophora_brassicae_gca_001049375.pbe3.h15.pep.all.fa.gz,,euk4,ensembl,Plasmodiophora_brassicae_gca_001049375.pbe3.h15.pep.all.fa,genome,http://ftp.ensemblgenomes.org/pub/protists/release-53/fasta/protists_rhizaria1_collection/plasmodiophora_brassicae_gca_001049375/dna/Plasmodiophora_brassicae_gca_001049375.pbe3.h15.dna.toplevel.fa.gz
LAPGUS,2072850,Rhizaria,Lapot gusevi,eukaryota_odb121,77.89473684,,,11.22807018,10.87719298,False,EukProt,,20220328,eukprot,EP00455_Lapot_gusevi.fasta,transcriptome,
BREMOT,1885055,Rhizaria,Brevimastigomonas motovehiculus,eukaryota_odb122,54.47470817,,,15.17509728,30.35019455,False,EukProt,,20220328,eukprot,EP00823_Brevimastigomonas_motovehiculus.fasta,transcriptome,
BIGNAT,227086,Rhizaria,Bigelowiella natans,eukaryota_odb123,73.46153846,,,11.15384615,15.38461538,True,http://ftp.ensemblgenomes.org/pub/protists/release-53/fasta/bigelowiella_natans/pep/Bigelowiella_natans.Bigna1.pep.all.fa.gz,,euk4,ensembl,Bigelowiella_natans.Bigna1.pep.all.fa,genome,http://ftp.ensemblgenomes.org/pub/protists/release-53/fasta/bigelowiella_natans/dna/Bigelowiella_natans.Bigna1.dna.toplevel.fa.gz
MATSPE,1004929,Rhizaria,Mataza sp D1,eukaryota_odb124,77.90697674,,,9.302325581,12.79069767,False,EukProt,,20220328,eukprot,EP00462_Mataza_sp_D1.fasta,transcriptome,
PAUCHR,39717,Rhizaria,Paulinella chromatophora,eukaryota_odb125,79.62264151,,,12.0754717,8.301886792,False,EukProt,,20220328,eukprot,EP00457_Paulinella_chromatophora.fasta,genome,http://cyanophora.rutgers.edu/P_micropora/Paulinella_micropora_KR01_GenomeScaffolds.fasta.gz
BICSPE,2623647,Stramenopiles,Bicosoecida sp ms1,eukaryota_odb126,47.45098039,,,18.03921569,34.50980392,False,EukProt,,20220328,eukprot,EP00500_Bicosoecida_sp_ms1.fasta,transcriptome,
HALSEO,357350,Stramenopiles,Halocafeteria seosinensis,eukaryota_odb127,84.70149254,,,4.850746269,10.44776119,True,EukProt,,20220328,eukprot,EP01138_Halocafeteria_seosinensis.fasta,transcriptome,
HALSPE,2893282,Stramenopiles,Haloplacidia sp CaronLabIsolate,eukaryota_odb128,64.31372549,,,11.76470588,23.92156863,False,EukProt,,20220328,eukprot,EP00499_Haloplacidia_sp_CaronLabIsolate.fasta,transcriptome,
PLATAR,1736112,Stramenopiles,Platysulcus tardus,eukaryota_odb129,71.64750958,,,10.72796935,17.62452107,False,EukProt,,20220328,eukprot,EP00753_Platysulcus_tardus.fasta,transcriptome,
MASSPE,1735725,Stramenopiles,MAST-04A sp MAST-4A-sp1,eukaryota_odb130,74.32950192,,,6.513409962,19.15708812,False,EukProt,,20220328,eukprot,EP00942_MAST-04A_sp_MAST-4A-sp1.fasta,genome,http://cyanophora.rutgers.edu/MAST4/MAST4-genome-scaffolds.fasta.gz
AURLIM,87102,Stramenopiles,Aurantiochytrium limacinum,eukaryota_odb131,86.69201521,,,2.281368821,11.02661597,False,EukProt,,20220328,eukprot,EP00512_Aurantiochytrium_limacinum.fasta,transcriptome,https://ftp.ncbi.nlm.nih.gov/genomes/all/GCA/002/897/355/GCA_002897355.1_Aurantiochytrium_FCC1311_v1/GCA_002897355.1_Aurantiochytrium_FCC1311_v1_genomic.fna.gz
HONFER,2315210,Stramenopiles,Hondaea fermentalgiana,eukaryota_odb132,87.20930233,,,2.713178295,10.07751938,True,https://ftp.ncbi.nlm.nih.gov/genomes/all/GCA/002/897/355/GCA_002897355.1_Aurantiochytrium_FCC1311_v1/GCA_002897355.1_Aurantiochytrium_FCC1311_v1_protein.faa.gz,,20220419,gcf,GCA_002897355.1_Aurantiochytrium_FCC1311_v1_protein.faa,transcriptome,
HYPCAT,42384,Stramenopiles,Hyphochytrium catenoides,eukaryota_odb133,71.04247104,,,15.83011583,13.12741313,False,https://genome.jgi.doe.gov/portal/Hypcat1/download/Hypcat1_GeneCatalog_proteins_20210814.aa.fasta.gz,,20220419,jgi,Hypcat1_GeneCatalog_proteins_20210814.aa.fasta,genome,https://genome.jgi.doe.gov/portal/pages/dynamicOrganismDownload.jsf?organism=Hypcat1
PHYINF,4787,Stramenopiles,Phytophthora infestans,eukaryota_odb134,90.45801527,,,4.580152672,4.961832061,True,http://ftp.ensemblgenomes.org/pub/protists/release-53/fasta/phytophthora_infestans/pep/Phytophthora_infestans.ASM14294v1.pep.all.fa.gz,,euk4,ensembl,Phytophthora_infestans.ASM14294v1.pep.all.fa,genome,ftp.ensemblgenomes.org/pub/protists/release-53/fasta/phytophthora_infestans/dna/Phytophthora_infestans.ASM14294v1.dna.toplevel.fa.gz 
SAPDIC,112098,Stramenopiles,Saprolegnia diclina,eukaryota_odb135,93.93939394,,,1.136363636,4.924242424,False,EukProt,,20220328,eukprot,EP00654_Saprolegnia_diclina.fasta,genome,ftp.ncbi.nlm.nih.gov/genomes/all/GCF/000/281/045/GCF_000281045.1_Sap_diclina_VS20_V1/GCF_000281045.1_Sap_diclina_VS20_V1_genomic.fna.gz
PHATRI,2850,Stramenopiles,Phaeodactylum tricornutum,eukaryota_odb136,83.65758755,,,4.6692607,11.67315175,False,http://ftp.ensemblgenomes.org/pub/protists/release-53/fasta/phaeodactylum_tricornutum/pep/Phaeodactylum_tricornutum.ASM15095v2.pep.all.fa.gz,,euk4,ensembl,Phaeodactylum_tricornutum.ASM15095v2.pep.all.fa,genome,http://ftp.ensemblgenomes.org/pub/protists/release-53/fasta/phaeodactylum_tricornutum/dna/Phaeodactylum_tricornutum.ASM15095v2.dna.toplevel.fa.gz
NANOCE,145522,Stramenopiles,Nannochloropsis oceanica,eukaryota_odb137,91.6,,,3.0,5.4,False,https://genome.jgi.doe.gov/portal/Nanoce1779_2/download/Nanoce1779_2_all_proteins_20180119.aa.fasta.gz,https://bmcbiol.biomedcentral.com/articles/10.1186/s12915-021-01078-1,euk4,jgi,Nanoce1779_2_all_proteins_20180119.aa.fasta,genome,https://ftp.ncbi.nlm.nih.gov/genomes/all/GCF/000/240/725/GCF_000240725.1_ASM24072v1/GCF_000240725.1_ASM24072v1_genomic.fna.gz
CHASUB,44440,Stramenopiles,Chattonella subsalsa,eukaryota_odb138,72.90076336,,,9.923664122,17.17557252,False,EukProt,,20220328,eukprot,EP00638_Chattonella_subsalsa.fasta,transcriptome,
CLAOKA,309737,Stramenopiles,Cladosiphon okamuranus,eukaryota_odb139,91.07142857,,,2.5,6.428571429,False,https://marinegenomics.oist.jp/okinawa_mozuku_s_v2/download/okinawa_mozuku_S_ver2_protein_seq.zip,,20220419,generic,okinawa_mozuku_S_ver2_protein_seq,genome,https://marinegenomics.oist.jp/okinawa_mozuku_s_v2/viewer/download?project_id=67
COLSPE,2717461,Alveolata,Colponemidia sp Colp-10,eukaryota_odb140,93.60902256,,,2.631578947,3.759398496,True,EukProt,,20220419,eukprot,EP00742_Colponemidia_sp_Colp-10.fasta,transcriptome,
COLVIE,1492817,Alveolata,Colponemida vietnamica,eukaryota_odb141,66.30434783,,,14.85507246,18.84057971,False,EukProt,,20220419,eukprot,EP00744_Colponema_vietnamica.fasta,transcriptome,
STECOE,5963,Alveolata,Stentor coeruleus,eukaryota_odb142,78.17109145,,,5.014749263,16.81415929,False,https://ftp.ncbi.nlm.nih.gov/genomes/all/GCA/001/970/955/GCA_001970955.1_ASM197095v1/GCA_001970955.1_ASM197095v1_protein.faa.gz,,20220419,gcf,GCA_001970955.1_ASM197095v1_protein.faa,genome,https://ftp.ncbi.nlm.nih.gov/genomes/all/GCA/001/970/955/GCA_001970955.1_ASM197095v1/GCA_001970955.1_ASM197095v1_genomic.fna.gz
STEHIS,94289,Alveolata,Sterkiella histriomuscorum,eukaryota_odb143,76.08695652,,,4.347826087,19.56521739,False,EukProt,,20220328,eukprot,EP00347_Sterkiella_histriomuscorum.fasta,genome,https://ftp.ncbi.nlm.nih.gov/genomes/all/GCA/001/273/305/GCA_001273305.2_ASM127330v2/GCA_001273305.2_ASM127330v2_genomic.fna.gz
PARTET,5888,Alveolata,Paramecium tetraurelia,eukaryota_odb144,80.48780488,,,2.7100271,16.80216802,False,http://ftp.ensemblgenomes.org/pub/protists/release-53/fasta/paramecium_tetraurelia/pep/Paramecium_tetraurelia.ASM16542v1.pep.all.fa.gz,,euk4,ensembl,Paramecium_tetraurelia.ASM16542v1.pep.all.fa,genome,http://ftp.ensemblgenomes.org/pub/protists/release-53/fasta/paramecium_tetraurelia/dna/Paramecium_tetraurelia.ASM16542v1.dna.toplevel.fa.gz
PSEPER,266149,Alveolata,Pseudocohnilembus persalinus,eukaryota_odb145,56.80933852,,,8.171206226,35.01945525,False,http://ftp.ensemblgenomes.org/pub/protists/release-53/fasta/protists_alveolata1_collection/pseudocohnilembus_persalinus_gca_001447515/pep/Pseudocohnilembus_persalinus_gca_001447515.ASM144751v1.pep.all.fa.gz,,20220419,ensembl,Pseudocohnilembus_persalinus_gca_001447515.ASM144751v1.pep.all.fa,genome,http://ftp.ensemblgenomes.org/pub/protists/release-53/fasta/protists_alveolata1_collection/pseudocohnilembus_persalinus_gca_001447515/dna/Pseudocohnilembus_persalinus_gca_001447515.ASM144751v1.dna.toplevel.fa.gz
TETTHE,5911,Alveolata,Tetrahymena thermophila,eukaryota_odb146,78.22878229,,,3.6900369,18.08118081,False,http://www.ciliate.org/system/downloads/4-upd-Protein-fasta-2021.fasta,,20220419,generic,4-upd-Protein-fasta-2021.fasta,genome,http://www.ciliate.org/system/downloads/1-upd-Genome-assembly.fasta
PERMAR,31276,Alveolata,Perkinsus marinus,eukaryota_odb147,64.14473684,,,11.51315789,24.34210526,False,EukProt,,20220328,eukprot,EP00454_Perkinsus_marinus.fasta,transcriptome,
HEMSPE,135491,Alveolata,Hematodinium sp SG-2012,eukaryota_odb148,73.43173432,,,7.011070111,19.55719557,False,EukProt,,20220328,eukprot,EP00397_Hematodinium_sp_SG-2012.fasta,transcriptome,
CRYCOH,2866,Alveolata,Crypthecodinium cohnii,eukaryota_odb149,66.54135338,,,7.894736842,25.56390977,False,EukProt,,20220328,eukprot,EP00405_Crypthecodinium_cohnii.fasta,transcriptome,
SYMSPE,689368,Alveolata,Symbiodinium sp Y106,eukaryota_odb150,60.48951049,,,11.53846154,27.97202797,False,EukProt,,20220328,eukprot,EP00439_Symbiodinium_sp_Y106.fasta,genome,https://ftp.ncbi.nlm.nih.gov/genomes/all/GCA/003/297/005/GCA_003297005.1_SymA_ver_1.0/GCA_003297005.1_SymA_ver_1.0_genomic.fna.gz
CHRVEL,505693,Alveolata,Chromera velia,eukaryota_odb151,66.27906977,,,11.24031008,22.48062016,False,https://cryptodb.org/common/downloads/Current_Release/CveliaCCMP2878/fasta/data/CryptoDB-56_CveliaCCMP2878_AnnotatedProteins.fasta,,20220419,generic,CryptoDB-56_CveliaCCMP2878_AnnotatedProteins.fasta,genome,https://cryptodb.org/common/downloads/Current_Release/CveliaCCMP2878/fasta/data/CryptoDB-59_CveliaCCMP2878_Genome.fasta
VITBRA,1169539,Alveolata,Vitrella brassicaformis,eukaryota_odb152,78.59922179,,,7.003891051,14.39688716,True,ftp://ftp.ensemblgenomes.org:21/pub/release-34/protists/fasta/protists_alveolata1_collection/vitrella_brassicaformis_ccmp3155/pep/Vitrella_brassicaformis_ccmp3155.Vbrassicaformis.pep.all.fa.gz,,euk4,ensembl,Vitrella_brassicaformis_ccmp3155.Vbrassicaformis.pep.all.fa,genome,http://ftp.ensemblgenomes.org/pub/release-34/protists/fasta/protists_alveolata1_collection/vitrella_brassicaformis_ccmp3155/dna/Vitrella_brassicaformis_ccmp3155.Vbrassicaformis.dna.toplevel.fa.gz
TOXGON,5811,Alveolata,Toxoplasma gondii,eukaryota_odb153,61.17647059,,,8.62745098,30.19607843,True,http://ftp.ensemblgenomes.org/pub/protists/release-53/fasta/toxoplasma_gondii/pep/Toxoplasma_gondii.TGA4.pep.all.fa.gz,,euk4,ensembl,Toxoplasma_gondii.TGA4.pep.all.fa,genome,ftp.ensemblgenomes.org/pub/protists/release-53/fasta/toxoplasma_gondii/dna/Toxoplasma_gondii.TGA4.dna.toplevel.fa.gz
CRYMUR,441375,Alveolata,Cryptosporidium muris RN66,eukaryota_odb154,53.307393,,,7.782101167,38.91050584,False,EukProt,,20220328,eukprot,EP00384_Cryptosporidium_muris.fasta,genome,https://ftp.ncbi.nlm.nih.gov/genomes/all/GCF/000/006/515/GCF_000006515.1_JCVI_cmg_v1.0/GCF_000006515.1_JCVI_cmg_v1.0_genomic.fna.gz
PLAFAL,5833,Alveolata,Plasmodium falciparum,eukaryota_odb155,56.640625,,,3.515625,39.84375,False,http://ftp.ensemblgenomes.org/pub/protists/release-52/fasta/plasmodium_falciparum/pep/Plasmodium_falciparum.ASM276v2.pep.all.fa.gz,,20220419,ensembl,Plasmodium_falciparum.ASM276v2.pep.all.fa,genome,http://ftp.ensemblgenomes.org/pub/protists/release-52/fasta/plasmodium_falciparum/dna/Plasmodium_falciparum.ASM276v2.dna.toplevel.fa.gz
THEPAR,5875,Alveolata,Theileria parva,eukaryota_odb156,46.09375,,,10.9375,42.96875,False,EukProt,,20220328,eukprot,EP00375_Theileria_parva.fasta,genome,ftp.ncbi.nlm.nih.gov/genomes/all/GCF/000/165/365/GCF_000165365.1_ASM16536v1/GCF_000165365.1_ASM16536v1_genomic.fna.gz
